{"cameraMode":{"drawMode":0,"name":"Shaded","section":"Shading Mode"},"sceneLighting":true,"audioPlay":false,"sceneViewState":{"m_AlwaysRefresh":false,"showFog":true,"showSkybox":true,"showFlares":true,"showImageEffects":true,"showParticleSystems":true,"showVisualEffectGraphs":true,"m_FxEnabled":true},"in2DMode":false,"pivot":{"x":10.160460472106934,"y":2.7551021575927736,"z":-3.6926956176757814},"rotation":{"x":0.1731664091348648,"y":-0.013712910003960133,"z":0.002450039843097329,"w":0.9846075177192688},"size":23.74866485595703,"orthographic":false}