{"cameraMode":{"drawMode":0,"name":"Shaded","section":"Shading Mode"},"sceneLighting":false,"audioPlay":false,"sceneViewState":{"m_AlwaysRefresh":false,"showFog":true,"showSkybox":false,"showFlares":true,"showImageEffects":true,"showParticleSystems":true,"showVisualEffectGraphs":true,"m_FxEnabled":true},"in2DMode":false,"pivot":{"x":0.10570096969604492,"y":-0.5630950927734375,"z":-0.1870403289794922},"rotation":{"x":0.11461532115936279,"y":0.20929688215255738,"z":-0.02470816858112812,"w":0.9707496762275696},"size":13.323534965515137,"orthographic":false}